{
  "system": {
    "system_up_time": 59693,
    "wifi_up_time": 58577,
    "ip": "192.168.0.18",
    "rssi": -63,
    "battery_life": 99.71484375,
    "battery_mV": 4177.5
  },
  "weather": {
    "data": {
      "temperature": 24.659999847412109,
      "humidity": 44.37109375,
      "pressure": 101414.74048920246,
      "dew_point": 11.928571929426639
    },
    "config": {
      "oversampling": {
        "temperature": 1,
        "humidity": 1,
        "pressure": 1
      },
      "mode": 0,
      "standby_time": 0,
      "filter": 0
    },
    "elevation": 765
  },
  "air": {
    "data": {
      "fan_time": 59618,
      "checksum_ok": true,
      "standard": {
        "pm1": 5,
        "pm2_5": 7,
        "pm10": 8
      },
      "atmospheric": {
        "pm1": 5,
        "pm2_5": 7,
        "pm10": 8
      },
      "count_per_0_1L": {
        "0_3um": 969,
        "0_5um": 287,
        "1_0um": 47,
        "2_5um": 7,
        "5_0um": 0,
        "10_0um": 0
      }
    },
    "config": {
      "mode": 0,
      "awake": 1
    }
  },
  "noise": {
    "data": {
      "avg": 61.349666595458984,
      "min": 55.665599822998047,
      "max": 66.832962036132812,
      "num_samples": 51
    },
    "config": {
      "sample_len": 125,
      "sample_period": 1000,
      "weighting": 2
    }
  }
}